City ID,City ID,City,Country,Lat,Lng,Temperature,Humidity,Clouds,Wind Speed
0,921786,Mitsamiouli,KM,-11.3847,43.2844,78.44,65,4,9.04
1,2269142,Colares,PT,38.7992,-9.4469,58.55,68,20,13.0
2,5122534,Jamestown,US,42.097,-79.2353,72.57,60,90,5.75
3,3354178,Ongandjera,NA,-17.8833,15.0667,66.49,35,0,6.51
4,2618795,Klaksvík,FO,62.2266,-6.589,47.32,84,48,12.01
5,6180550,Whitehorse,CA,60.7161,-135.0538,52.57,62,75,9.22
6,2065594,Mount Isa,AU,-20.7333,139.5,58.77,67,21,1.14
7,4032243,Vaini,TO,-21.2,-175.2,75.36,78,75,5.75
8,1260206,Pāsighāt,IN,28.0667,95.3333,76.05,93,74,3.67
9,6170031,Tuktoyaktuk,CA,69.4541,-133.0374,33.96,75,9,6.6
10,64814,Bandarbeyla,SO,9.4942,50.8122,82.13,67,0,16.6
11,3471451,Arraial do Cabo,BR,-22.9661,-42.0278,73.26,56,75,6.91
12,3412093,Vestmannaeyjar,IS,63.4427,-20.2734,45.59,76,40,17.27
13,1731461,Alim,PH,9.5649,122.4876,80.17,78,53,3.0
14,2332504,Lafiagi,NG,8.8667,5.4167,85.17,58,13,4.74
15,2264557,Ponta do Sol,PT,32.6667,-17.1,65.93,78,47,5.14
16,5282297,Bethel,US,41.3712,-73.414,64.45,52,40,1.01
17,1651810,Airai,TL,-8.9266,125.4092,56.19,87,7,2.98
18,5106841,Albany,US,42.6001,-73.9662,71.42,39,33,3.38
19,681005,Comarnic,RO,45.25,25.6333,53.6,90,71,2.01
20,6096551,Pangnirtung,CA,66.1451,-65.7125,24.8,74,75,10.36
21,2022317,Khor,RU,47.8861,134.9464,48.22,89,53,2.64
22,1505579,Inta,RU,66.0317,60.1659,43.0,48,100,13.98
23,3366880,Hermanus,ZA,-34.4187,19.2345,59.9,81,50,6.06
24,4030556,Rikitea,PF,-23.1203,-134.9692,76.77,81,100,18.37
25,2015306,Tiksi,RU,71.6872,128.8694,35.85,71,96,7.25
26,2094342,Kavieng,PG,-2.5744,150.7967,81.63,78,98,6.91
27,5855927,Hilo,US,19.7297,-155.09,81.88,71,1,17.27
28,1803364,Linqu,CN,36.5156,118.5397,58.68,39,0,7.14
29,2206939,Bluff,NZ,-46.6,168.3333,38.41,81,6,7.47
30,2013465,Verkhoyansk,RU,67.5447,133.385,51.73,30,19,3.09
31,3369157,Cape Town,ZA,-33.9258,18.4232,59.94,84,80,1.01
32,5972291,Havre-St-Pierre,CA,50.2334,-63.5986,42.6,62,13,21.27
33,1529102,Ürümqi,CN,43.801,87.6005,65.35,28,0,1.99
34,1282256,Hithadhoo,MV,-0.6,73.0833,84.15,69,100,15.77
35,2301190,Elmina,GH,5.0898,-1.348,81.05,85,62,9.64
36,2155562,Nelson Bay,AU,-32.7167,152.15,49.12,73,60,8.84
37,3382160,Cayenne,GF,4.9333,-52.3333,76.08,91,75,10.47
38,4021858,Guerrero Negro,MX,27.9769,-114.0611,75.92,45,1,11.18
39,5848280,Kapaa,US,22.0752,-159.319,81.45,68,70,4.0
40,3833367,Ushuaia,AR,-54.8,-68.3,29.53,85,100,15.66
41,2126710,Beringovskiy,RU,63.05,179.3167,33.76,90,100,11.65
42,3874787,Punta Arenas,CL,-53.15,-70.9167,35.71,71,40,24.25
43,2147756,Swan Hill,AU,-35.3378,143.5544,61.48,49,100,18.95
44,5880054,Barrow,US,71.2906,-156.7887,28.42,86,90,13.8
45,5546220,Saint George,US,37.1041,-113.5841,80.65,17,0,1.01
46,6620339,Karratha,AU,-20.7377,116.8463,68.34,42,73,14.92
47,2125906,Dukat,RU,62.55,155.55,33.76,90,100,3.67
48,3424607,Tasiilaq,GL,65.6145,-37.6368,35.76,88,100,34.54
49,6014443,Lac du Bonnet,CA,50.2536,-96.0612,78.58,46,4,13.69
50,780687,Berlevåg,NO,70.8578,29.0864,31.95,69,0,2.3
51,4020109,Atuona,PF,-9.8,-139.0333,80.28,75,17,18.77
52,1525014,Būlaevo,KZ,54.9056,70.4439,72.73,45,51,8.86
53,3581194,San Ignacio,BZ,17.1561,-89.0714,83.77,65,100,8.43
54,2163355,Hobart,AU,-42.8794,147.3294,50.95,86,75,1.99
55,950709,Swellendam,ZA,-34.0226,20.4417,60.73,66,100,1.59
56,2022572,Khatanga,RU,71.9667,102.5,31.51,99,100,2.35
57,3831208,Qaanaaq,GL,77.484,-69.3632,33.1,75,4,6.38
58,3127047,Calatayud,ES,41.3535,-1.6432,58.82,74,47,7.54
59,2112309,Katsuura,JP,35.1333,140.3,66.18,85,99,6.4
60,1525490,Belūsovka,KZ,50.1339,82.5239,54.0,88,31,3.36
61,4035715,Avarua,CK,-21.2078,-159.775,82.45,89,75,11.5
62,2630299,Hofn,IS,64.2539,-15.2082,42.71,70,56,1.54
63,2037485,Erenhot,CN,43.6475,111.9767,47.23,49,100,6.15
64,2063042,Port Hedland,AU,-20.3167,118.5667,73.45,40,97,9.22
65,3372760,Praia da Vitória,PT,38.7333,-27.0667,63.75,72,100,14.18
66,1735106,George Town,MY,5.4112,100.3354,79.77,90,20,1.99
67,5870133,Nome,US,64.5011,-165.4064,58.15,43,60,15.86
68,2075265,Busselton,AU,-33.65,115.3333,48.04,72,100,5.37
69,933102,Sekoma,BW,-24.4,23.8833,55.45,46,20,6.22
70,2314705,Kikwit,CD,-5.041,18.8162,74.37,54,41,2.37
71,1714733,Dingle,PH,10.9995,122.6711,77.02,85,57,3.58
72,3694112,Paita,PE,-5.0892,-81.1144,77.56,78,20,13.65
73,456827,Pāvilosta,LV,56.8879,21.1859,44.51,78,19,7.25
74,5866583,Saint Paul Harbor,US,57.79,-152.4072,51.31,71,1,6.91
75,3374210,São Filipe,CV,14.8961,-24.4956,73.22,79,2,10.83
76,553766,Kamenka,RU,51.3223,42.7678,57.47,88,100,2.95
77,964432,Port Alfred,ZA,-33.5906,26.891,73.47,39,100,13.78
78,2409914,Bonthe,SL,7.5264,-12.505,81.39,84,53,5.32
79,3443061,Chui,UY,-33.6971,-53.4616,55.22,69,8,11.01
80,2018735,Nyurba,RU,63.2842,118.3319,46.89,69,100,2.82
81,3175034,Lauria,IT,40.0465,15.8358,60.1,67,20,2.17
82,5149493,Celina,US,40.5489,-84.5702,84.34,59,94,4.92
83,2446267,Dakoro,NE,14.5106,6.765,92.57,8,17,8.68
84,3128174,Bermeo,ES,43.4209,-2.7215,56.61,80,45,12.93
85,2134814,Sola,VU,-13.8833,167.55,78.13,77,93,20.22
86,935215,Saint-Philippe,RE,-21.3585,55.7679,69.76,78,85,13.71
87,3587498,Acajutla,SV,13.5928,-89.8275,89.8,63,76,6.22
88,3440777,Rocha,UY,-34.4833,-54.3333,54.55,70,36,12.62
89,2447416,Ayorou,NE,14.7308,0.9174,98.69,21,53,7.99
90,2017155,Saskylakh,RU,71.9167,114.0833,36.93,89,7,5.46
91,1732826,Mersing,MY,2.4312,103.8405,76.91,88,99,5.75
92,2155415,New Norfolk,AU,-42.7826,147.0587,50.97,66,100,3.04
93,934517,Flic en Flac,MU,-20.2742,57.3631,73.54,74,43,10.96
94,2172880,Byron Bay,AU,-28.65,153.6167,56.89,77,84,5.26
95,964712,Plettenberg Bay,ZA,-34.0527,23.3716,62.62,66,100,3.31
96,3466165,Cidreira,BR,-30.1811,-50.2056,58.93,64,0,14.76
97,2110227,Butaritari,KI,3.0707,172.7902,75.2,93,100,9.86
98,1507390,Dikson,RU,73.5069,80.5464,21.16,92,35,6.49
99,2455290,Kidal,ML,18.4411,1.4078,96.8,19,48,13.96
100,6201424,Mataura,NZ,-46.1927,168.8643,32.25,93,6,3.04
101,2126199,Cherskiy,RU,68.75,161.3,47.62,46,4,9.53
102,4033077,Vaitape,PF,-16.5167,-151.75,81.64,75,96,12.19
103,1642773,Japura,ID,-0.3167,102.35,74.46,97,90,2.01
104,3883457,Lebu,CL,-37.6167,-73.65,56.52,90,82,6.49
105,3899695,Ancud,CL,-41.8697,-73.8203,48.74,69,80,11.21
106,709665,Dovbysh,UA,50.3733,27.9874,51.46,82,54,3.31
107,3374036,Bridgetown,BB,13.1,-59.6167,82.89,74,75,17.13
108,3664980,Boa Vista,BR,2.8197,-60.6733,82.38,74,75,5.75
109,5557293,Sitka,US,57.0531,-135.33,49.33,76,98,3.38
110,4500546,Atlantic City,US,39.3643,-74.4229,62.02,58,90,12.71
111,1491977,Shumskiy,RU,54.8318,99.1328,46.4,74,97,9.69
112,6255012,Flinders,AU,-34.5833,150.8552,55.35,92,100,1.01
113,3839307,Rawson,AR,-43.3002,-65.1023,55.4,36,0,26.06
114,3372707,Ribeira Grande,PT,38.5167,-28.7,62.76,73,100,17.83
115,1106677,Bambous Virieux,MU,-20.3428,57.7575,73.65,75,30,15.1
116,3395239,Massapê,BR,-3.5228,-40.3428,78.51,78,82,3.6
117,1510689,Baykit,RU,61.67,96.37,42.64,94,100,11.77
118,2156643,Mount Gambier,AU,-37.8333,140.7667,64.31,52,90,23.02
119,1486321,Yar-Sale,RU,66.8333,70.8333,32.41,63,75,5.12
120,5563397,Eureka,US,40.8021,-124.1637,63.21,69,91,5.99
121,3423146,Ilulissat,GL,69.2167,-51.1,44.62,33,75,12.66
122,3430863,Mar del Plata,AR,-38.0023,-57.5575,61.09,48,1,10.0
123,3372964,Lagoa,PT,39.05,-27.9833,61.75,69,100,12.86
124,4726521,San Patricio,US,28.017,-97.5169,82.22,68,45,16.4
125,212902,Kindu,CD,-2.95,25.95,70.11,88,51,0.69
126,3652764,Puerto Ayora,EC,-0.7393,-90.3518,75.54,87,56,8.01
127,962367,Richards Bay,ZA,-28.783,32.0377,65.08,77,0,12.3
128,2541479,Nador,MA,35.174,-2.9287,64.65,49,0,4.03
129,3356832,Henties Bay,NA,-22.116,14.2845,72.86,59,7,7.58
130,3622716,Nicoya,CR,10.1483,-85.452,83.75,63,100,8.39
131,3347019,Mossamedes,AO,-15.1961,12.1522,74.32,66,15,5.95
132,1259385,Port Blair,IN,11.6667,92.75,83.17,82,100,22.93
133,3932145,Pisco,PE,-13.7,-76.2167,68.05,77,20,10.36
134,3430443,Necochea,AR,-38.5473,-58.7368,60.04,58,6,18.43
135,1819729,Hong Kong,HK,22.2855,114.1577,82.26,90,76,3.0
136,779554,Honningsvåg,NO,70.9821,25.9704,36.5,67,13,10.42
137,5908723,Bridgewater,CA,44.3835,-64.5155,53.71,35,1,2.53
138,4034188,Moerai,PF,-22.4333,-151.3333,77.61,83,100,16.22
139,487159,Strizhi,RU,58.4576,49.2867,54.21,70,100,5.48
140,3571913,Marsh Harbour,BS,26.5412,-77.0636,75.72,61,2,11.12
141,3985710,Cabo San Lucas,MX,22.8909,-109.9124,84.76,57,1,4.61
142,506763,Polyarny,RU,69.1989,33.4478,32.47,79,24,6.8
143,528242,Mayskiy,RU,47.6931,40.1025,63.81,97,71,4.47
144,1687894,Santa Rosa,PH,14.3122,121.1114,82.15,85,9,1.59
145,2128975,Nemuro,JP,43.3236,145.575,45.66,90,11,5.84
146,2126123,Chokurdakh,RU,70.6333,147.9167,30.65,98,87,5.06
147,3418910,Upernavik,GL,72.7868,-56.1549,33.13,80,71,7.9
148,2171069,Colac,AU,-38.3333,143.5833,58.46,55,76,17.34
149,1488167,Ust'-Koksa,RU,50.2696,85.6108,48.54,89,77,0.6
150,2012530,Zhigansk,RU,66.7697,123.3711,45.16,44,100,4.12
151,1524606,Derzhavīnsk,KZ,51.1,66.3167,76.35,32,1,6.87
152,2136825,Isangel,VU,-19.55,169.2667,73.58,60,79,11.95
153,3929611,San Jerónimo,PE,-11.9472,-75.2829,54.68,67,82,2.46
154,6185377,Yellowknife,CA,62.456,-114.3525,42.33,38,0,4.0
155,5742974,North Bend,US,43.4065,-124.2243,62.51,67,90,12.66
156,5493811,Taos,US,36.4072,-105.5731,71.82,13,1,10.0
157,2171099,Codrington,AU,-38.2667,141.9667,66.45,45,100,21.97
158,1067565,Beloha,MG,-25.1667,45.05,62.98,93,1,4.76
159,1490256,Talnakh,RU,69.4865,88.3972,27.84,92,100,19.8
160,1706466,Ligayan,PH,4.6533,119.4706,84.06,68,98,3.02
161,1650434,Bambanglipuro,ID,-7.95,110.2833,76.91,89,94,4.79
162,2980080,Saint-François,FR,46.4154,3.9054,50.88,66,5,9.22
163,546105,Nikolskoye,RU,59.7035,30.7861,50.23,87,10,4.63
164,4017152,Benjamín Hill,MX,30.1667,-111.1,89.28,5,0,7.94
165,3421765,Nanortalik,GL,60.1432,-45.2371,35.44,98,100,11.16
166,2013406,Vidim,RU,56.4088,103.1106,44.64,92,100,12.01
167,1862505,Hirara,JP,24.8,125.2833,80.15,81,99,5.97
168,3948613,Acarí,PE,-15.4311,-74.6158,73.09,62,100,4.76
169,87205,Darnah,LY,32.767,22.6367,70.2,55,0,5.3
170,1015776,Bredasdorp,ZA,-34.5322,20.0403,56.71,89,100,3.78
171,3466980,Caravelas,BR,-17.7125,-39.2481,77.18,80,79,10.51
172,3388847,São Félix do Xingu,BR,-6.6447,-51.995,80.38,72,7,3.24
173,664263,Ungra,RO,45.9833,25.2667,56.91,68,100,5.35
174,2315728,Gemena,CD,3.25,19.7667,74.52,76,100,1.54
175,5554072,Juneau,US,58.3019,-134.4197,52.11,84,75,3.71
176,189741,Lamu,KE,-2.2717,40.902,78.66,78,22,18.7
177,2240449,Luanda,AO,-8.8368,13.2343,78.8,89,75,9.22
178,2090021,Namatanai,PG,-3.6667,152.4333,79.93,86,100,9.13
179,3422683,Kangaatsiaq,GL,68.3065,-53.4641,42.89,38,100,31.72
180,1488414,Urengoy,RU,65.9667,78.3667,30.42,77,19,7.36
181,1644605,Galesong,ID,-5.3166,119.3661,73.42,82,27,5.01
182,5563839,Fortuna,US,40.5982,-124.1573,64.22,65,1,3.0
183,2037799,Datong,CN,40.0936,113.2914,48.49,32,4,9.42
184,6171633,Ucluelet,CA,48.9329,-125.5528,55.42,89,100,7.74
185,1150154,Thoen,TH,17.6129,99.2161,80.49,75,100,1.54
186,1563281,Tuy Hoa,VN,13.0833,109.3,76.95,91,92,3.98
187,610864,Khani,GE,41.9563,42.9566,51.37,98,100,0.76
188,1634614,Nabire,ID,-3.3667,135.4833,75.79,90,98,3.91
189,6690296,Saint-Joseph,RE,-21.3667,55.6167,68.77,78,64,14.88
190,60019,Eyl,SO,7.9803,49.8164,82.63,66,73,20.56
191,2861443,Immenstadt,DE,47.561,10.2199,47.39,90,100,1.01
192,5392593,San Ramon,US,37.7799,-121.978,73.36,33,1,11.01
193,5919850,Chapais,CA,49.7834,-74.8492,61.63,23,1,13.06
194,1649150,Bengkulu,ID,-3.8004,102.2655,75.87,91,98,3.2
195,1641977,Kalianget,ID,-7.05,113.9333,80.73,83,24,10.09
196,463655,Zenzeli,RU,45.9241,47.0474,70.21,74,48,13.58
197,3137469,Sørland,NO,67.667,12.6934,42.84,74,28,15.37
198,3139597,Sistranda,NO,63.7256,8.834,55.36,82,100,13.73
199,2026544,Bokhan,RU,53.153,103.7714,48.87,80,100,18.07
200,3421719,Narsaq,GL,60.9167,-46.05,46.62,60,100,3.76
201,6457397,Bose,IT,45.4612,8.0137,52.41,98,82,0.22
202,2013279,Vostok,RU,46.4856,135.8833,43.47,91,77,1.48
203,3673407,Padilla,CO,3.2204,-76.3139,83.77,66,90,2.66
204,1641301,Amlapura,ID,-8.45,115.6167,79.68,84,63,5.01
205,3361934,Saldanha,ZA,-33.0117,17.9442,59.05,92,100,5.75
206,1501690,Krutinka,RU,56.0055,71.5113,63.05,75,9,12.15
207,5110092,Brewster,US,41.3973,-73.6171,65.37,52,40,1.01
208,525365,Mordovo,RU,52.0834,40.77,55.09,77,68,5.73
209,5807540,Pullman,US,46.7313,-117.1796,60.67,56,40,7.0
210,3674676,Mitú,CO,1.1983,-70.1733,81.64,84,44,1.32
211,560646,Golovino,RU,55.9613,40.4251,51.28,84,98,4.88
212,5364916,Lamont,US,35.2597,-118.9143,84.69,14,0,6.6
213,4031637,Lavrentiya,RU,65.5833,-171.0,35.29,81,96,14.05
214,2112444,Kamaishi,JP,39.2667,141.8833,59.86,88,100,5.66
215,5495360,Tucumcari,US,35.1717,-103.725,89.44,9,1,14.18
216,1006984,East London,ZA,-33.0153,27.9116,76.21,35,100,10.31
217,2109528,Buala,SB,-8.145,159.5921,80.28,79,100,3.58
218,5528182,Pecos,US,31.4229,-103.4932,88.57,27,1,9.22
219,3520994,Puerto Escondido,MX,15.85,-97.0667,88.79,58,41,7.4
220,3459785,João Pinheiro,BR,-17.7425,-46.1725,77.31,56,100,2.62
221,4031574,Provideniya,RU,64.3833,-173.3,39.31,70,0,22.37
222,1637001,Biak,ID,-0.9131,122.8766,75.96,85,91,6.33
223,10722858,Forsytheganj,BY,52.6333,29.7333,49.75,83,31,3.69
224,2212775,Sabha,LY,27.0377,14.4283,92.37,10,15,12.73
225,3671437,Caucayá,CO,-0.1934,-74.7819,83.43,70,89,1.81
226,2738381,Lata,PT,40.1629,-8.3327,57.15,84,6,4.07
227,2661228,Cham,CH,47.1821,8.4636,51.49,68,90,5.01
228,4047434,Russell,US,32.3502,-85.1999,89.64,28,58,2.53
229,2137773,Vao,NC,-22.6667,167.4833,71.17,60,6,20.96
230,2577162,Gaoua,BF,10.2992,-3.2508,86.49,46,69,3.49
231,1498920,Mezhdurechensk,RU,53.6942,88.0603,53.62,94,92,1.68
232,1214724,Langsa,ID,4.4683,97.9683,75.02,96,71,1.92
233,1501377,Kungurtug,RU,50.5994,97.5228,39.99,93,100,3.74
234,1489656,Teya,RU,60.3778,92.6267,43.59,88,80,11.39
235,2276492,Harper,LR,4.375,-7.7169,80.65,82,51,8.08
236,3068119,Podbořany,CZ,50.2294,13.4119,54.52,92,100,1.03
237,5855051,‘Ewa Beach,US,21.3156,-158.0072,81.21,69,1,5.99
238,2669047,Timrå,SE,62.487,17.3257,41.95,87,0,4.61
239,3480908,La Asuncion,VE,11.0333,-63.8628,80.44,75,40,20.92
240,1153035,Kathu,TH,7.9178,98.3332,86.11,68,92,10.87
241,160677,Chake Chake,TZ,-5.2459,39.7666,76.77,70,3,12.5
242,6167817,Torbay,CA,47.6666,-52.7314,34.86,67,90,14.97
243,3404306,Cacimba de Dentro,BR,-6.6417,-35.79,68.25,91,99,7.29
244,975436,Mmabatho,ZA,-25.85,25.6333,52.16,56,36,6.2
245,1489661,Tevriz,RU,57.509,72.4042,59.52,74,60,9.22
246,2177069,Ballina,AU,-28.8667,153.5667,55.94,75,78,4.99
247,934479,Grand Gaube,MU,-20.0064,57.6608,75.29,72,25,17.92
248,455718,Sigulda,LV,57.1519,24.8647,44.71,95,1,2.82
249,5386035,Rancho Palos Verdes,US,33.7445,-118.387,73.15,67,1,8.01
250,1645528,Denpasar,ID,-8.65,115.2167,80.26,81,40,4.38
251,664507,Tulnici,RO,45.9167,26.6667,54.64,84,98,3.24
252,2070998,Geraldton,AU,-28.7667,114.6,54.01,63,88,9.22
253,244878,Biltine,TD,14.5333,20.9167,84.42,5,32,9.35
254,5905393,Bonavista,CA,48.6499,-53.1147,37.11,56,93,20.38
255,1607724,Phichit,TH,16.25,100.4167,84.11,77,100,11.39
256,5364271,Laguna,US,38.421,-121.4238,85.48,30,1,4.0
257,2028164,Deputatsky,RU,69.3,139.9,38.34,61,13,3.69
258,5924351,Clyde River,CA,70.4692,-68.5914,25.84,86,100,25.26
259,2036892,Hohhot,CN,40.8106,111.6522,45.84,34,3,3.96
260,1518296,Tekeli,KZ,44.83,78.8239,60.26,44,4,9.13
261,2028078,Aginskoye,RU,51.1,114.53,34.36,57,22,5.61
262,1686004,Venice of the Philippines,PH,4.6628,119.3928,83.95,68,96,2.68
263,4034551,Faanui,PF,-16.4833,-151.75,81.66,74,95,12.15
264,2636790,Stornoway,GB,58.2093,-6.3865,48.09,81,90,21.85
265,1071296,Antalaha,MG,-14.9003,50.2788,67.89,85,7,7.16
266,2027296,Aykhal,RU,66.0,111.5,41.92,44,2,5.64
267,2074865,Carnarvon,AU,-24.8667,113.6333,62.44,58,0,14.09
268,487928,Novikovo,RU,51.1537,37.8879,58.01,79,100,8.48
269,3448903,São João da Barra,BR,-21.6403,-41.0511,75.29,70,100,14.99
270,2381334,Atar,MR,20.5169,-13.0499,93.81,16,6,9.46
271,935214,Saint-Pierre,RE,-21.3393,55.4781,69.87,85,90,17.27
272,2112802,Hasaki,JP,35.7333,140.8333,63.0,81,22,7.38
273,2760421,Politischer Bezirk Zwettl,AT,48.6,15.1667,49.5,88,100,3.89
274,149658,Tabora,TZ,-5.0167,32.8,61.83,68,0,3.4
275,2446796,Bilma,NE,18.6853,12.9164,91.89,8,0,6.44
276,2315417,Inongo,CD,-1.95,18.2667,72.73,86,6,5.55
277,8010683,Porto Santo,PT,33.072,-16.3415,66.56,68,75,10.36
278,5850554,Makakilo City,US,21.3469,-158.0858,80.22,69,1,6.91
279,3655131,La Libertad,EC,-2.2333,-80.9,73.11,84,87,9.84
280,2126785,Belaya Gora,RU,68.5333,146.4167,50.2,54,8,7.07
281,3691582,Talara,PE,-4.5772,-81.2719,77.76,69,0,13.8
282,1800521,Minggang,CN,32.4586,114.0486,66.76,62,100,5.28
283,1629974,Rantepao,ID,-2.9701,119.8978,66.38,97,99,1.77
284,324190,Alanya,TR,36.5438,31.9998,68.13,49,2,5.64
285,363885,Wau,SS,7.7029,27.9953,77.4,73,79,4.32
286,3576994,Cockburn Town,TC,21.4612,-71.1419,79.45,75,13,18.28
287,1215350,Bireun,ID,5.203,96.7009,77.95,81,96,4.21
288,3445026,Vila Velha,BR,-20.3297,-40.2925,75.94,85,75,14.0
289,986717,Kruisfontein,ZA,-34.0033,24.7314,63.88,62,97,5.53
290,3393922,Nísia Floresta,BR,-6.0911,-35.2086,79.61,84,57,8.23
291,3471872,Aracaju,BR,-10.9111,-37.0717,80.55,74,40,8.05
292,3840300,Presidencia Roque Sáenz Peña,AR,-26.7852,-60.4388,64.9,40,2,5.59
293,5969025,Haines Junction,CA,60.7522,-137.5108,42.4,95,100,3.71
294,1809498,Guilin,CN,25.2819,110.2864,65.35,92,87,2.39
295,4566022,Loíza,PR,18.4313,-65.8802,85.51,70,40,13.8
296,3567869,Banes,CU,20.9625,-75.7186,86.61,76,35,15.37
297,2033196,Zhangjiakou,CN,40.81,114.8794,48.22,39,92,1.19
298,1489822,Tegul'det,RU,57.3064,88.1667,47.28,94,96,5.19
299,5983720,Iqaluit,CA,63.7506,-68.5145,22.69,53,50,5.01
300,5594956,Hailey,US,43.5196,-114.3153,57.06,47,40,9.22
301,539385,Kuloy,RU,61.0305,42.4925,50.11,81,99,10.76
302,2021031,Kyren,RU,51.6828,102.1408,44.83,96,100,3.31
303,3183284,Alghero,IT,40.5589,8.3181,60.89,88,75,3.44
304,5954718,Flin Flon,CA,54.7682,-101.865,54.93,89,100,9.62
305,1278935,Amalāpuram,IN,16.5833,82.0167,84.6,46,100,5.73
306,1734781,Banting,MY,2.8167,101.5,78.55,92,95,2.66
307,3470137,Belmonte,BR,-15.8631,-38.8828,79.3,77,91,11.56
308,964420,Port Elizabeth,ZA,-33.918,25.5701,66.09,70,100,10.71
309,286621,Salalah,OM,17.0151,54.0924,86.09,66,75,8.05
310,3440034,Tacuarembó,UY,-31.7333,-55.9833,51.31,75,30,6.98
311,5887916,Athabasca,CA,54.7169,-113.2854,58.53,66,100,20.78
312,2644605,Lerwick,GB,60.1545,-1.1494,46.4,93,89,9.66
313,1035025,Nacala,MZ,-14.5428,40.6728,68.63,70,56,12.35
314,933995,Souillac,MU,-20.5167,57.5167,72.82,78,76,13.15
315,1256486,Shirgaon,IN,19.7,72.7,83.7,78,30,8.84
316,8079926,Labuhan,ID,-6.8844,112.2051,76.84,89,31,5.93
317,3604181,Oropolí,HN,13.8167,-86.8167,92.3,45,98,6.93
318,1267390,Kavaratti,IN,10.5669,72.642,83.79,75,95,12.75
319,2122293,Ozernovskiy,RU,51.5,156.5167,42.58,65,86,2.28
320,2208248,Kaitangata,NZ,-46.2817,169.8464,41.94,86,5,4.79
321,5363208,King City,US,36.2127,-121.126,81.3,18,5,8.48
322,293842,Kiryat Gat,IL,31.61,34.7642,70.54,72,0,2.1
323,1259108,Kasba,IN,25.85,87.55,90.03,52,99,5.28
324,5404476,Ukiah,US,39.1502,-123.2078,76.87,28,1,11.5
325,1609278,Laem Sing,TH,12.4816,102.0738,78.94,81,100,11.1
326,2643044,Margate,GB,51.3813,1.3862,47.84,83,41,10.31
327,897045,Solwezi,ZM,-12.1688,26.3894,51.33,83,5,4.54
328,3452085,Queimadas,BR,-10.9783,-39.6264,78.19,42,53,7.07
329,6165406,Thompson,CA,55.7435,-97.8558,50.16,93,90,2.3
330,1735902,Sibu,MY,2.3,111.8167,73.4,98,100,2.35
331,3467261,Capinzal,BR,-27.3436,-51.6119,49.84,78,3,2.01
332,2729907,Longyearbyen,SJ,78.2186,15.6401,28.24,69,75,10.36
333,4328010,Houma,US,29.5958,-90.7195,81.32,60,20,9.22
334,5847411,Kahului,US,20.8947,-156.47,79.68,72,12,2.82
335,6089245,Norman Wells,CA,65.282,-126.8329,53.01,46,93,6.44
336,1712961,Gigmoto,PH,13.7796,124.39,80.24,82,49,4.12
337,3115824,Muros,ES,42.7762,-9.0603,54.99,83,23,8.77
338,2120048,Ust-Nera,RU,64.5667,143.2,42.67,78,100,0.58
339,2180815,Tuatapere,NZ,-46.1333,167.6833,34.83,87,12,4.45
340,2377457,Nouadhibou,MR,20.931,-17.0347,65.64,83,0,26.8
341,2640377,Penzance,GB,50.1186,-5.5371,49.66,80,15,21.52
342,3466704,Castro,BR,-24.7911,-50.0119,48.78,68,87,2.66
343,1505529,Irbeyskoye,RU,55.6428,95.4522,46.9,94,67,12.33
344,7117100,Vila,PT,42.0304,-8.1588,47.16,94,40,3.51
345,1280849,Kashgar,CN,39.4547,75.9797,64.49,24,93,4.34
346,2121385,Severo-Kuril'sk,RU,50.6789,156.125,40.6,72,99,14.12
347,3435264,Concepción del Uruguay,AR,-32.4825,-58.2372,59.22,65,66,8.3
348,1794971,Shitanjing,CN,39.2342,106.3439,53.92,23,39,9.64
349,1028434,Quelimane,MZ,-17.8786,36.8883,76.95,88,20,6.91
350,2025456,Chernyshevskiy,RU,63.0128,112.4714,42.03,45,33,2.71
351,4155751,Florida,US,28.7505,-82.5001,87.08,41,1,1.01
352,3393692,Itarema,BR,-2.9248,-39.9167,80.62,79,81,13.65
353,2127202,Anadyr,RU,64.75,177.4833,48.7,78,0,11.5
354,2409306,Freetown,SL,8.484,-13.2299,81.5,79,59,7.81
355,2019951,Mirny,RU,62.5353,113.9611,41.23,47,69,3.36
356,1337607,Kudahuvadhoo,MV,2.6708,72.8944,83.61,74,87,19.17
357,3870243,Taltal,CL,-25.4,-70.4833,66.54,68,100,5.17
358,2063036,Port Lincoln,AU,-34.7333,135.8667,57.43,68,69,26.6
359,6355222,Yulara,AU,-25.2406,130.9889,58.84,77,40,5.75
360,2013459,Verkh-Usugli,RU,52.7,115.1667,31.55,70,76,4.41
361,3416888,Grindavik,IS,63.8424,-22.4338,46.87,72,75,14.76
362,3671450,Inírida,CO,3.8653,-67.9239,77.77,95,99,1.68
363,676537,Gura Foii,RO,44.75,25.2833,60.55,71,58,11.16
364,3128382,Béjar,ES,40.3864,-5.7634,51.94,66,22,4.9
365,2119283,Zyryanka,RU,65.75,150.85,55.69,29,8,1.72
366,3024439,Arrondissement de Cognac,FR,45.5,-0.25,51.93,80,0,8.46
367,3381041,Mana,GF,5.6592,-53.7767,75.79,96,100,5.37
368,1045114,Inhambane,MZ,-23.865,35.3833,65.41,69,8,4.18
369,485351,Syamzha,RU,60.0158,41.0614,46.42,95,11,7.94
370,3922037,Caranavi,BO,-15.8167,-67.55,61.47,85,100,0.11
371,778707,Mehamn,NO,71.0357,27.8492,31.91,72,41,6.06
372,1263494,Mormugao,IN,15.4,73.8,82.8,82,100,11.99
373,5720495,Coos Bay,US,43.3665,-124.2179,62.56,67,90,12.66
374,2100633,Arawa,PG,-6.2132,155.5367,79.12,89,96,3.91
375,5962442,Goderich,CA,43.7501,-81.7165,63.93,67,99,4.16
376,110690,Faya,SA,18.3851,42.4509,66.72,34,26,3.67
377,1517637,Ushtobe,KZ,45.2514,77.9838,68.38,33,0,15.5
378,6111862,Port Hardy,CA,50.6996,-127.4199,53.78,87,90,6.91
379,5527953,Pampa,US,35.5362,-100.9599,78.06,61,90,17.27
380,2330100,Minna,NG,9.6139,6.5569,82.94,61,49,4.74
381,2142316,Yeppoon,AU,-23.1333,150.7333,60.58,84,65,13.33
382,1529484,Kumul,CN,42.8,93.45,68.76,18,0,3.2
383,5392126,San Joaquin,US,37.9333,-121.3011,84.04,26,1,3.44
384,508743,Plyussa,RU,58.4308,29.3654,45.09,97,5,5.37
385,3402648,Carutapera,BR,-1.195,-46.02,80.19,79,88,9.71
386,3459088,Laje,BR,-10.1833,-40.9667,76.01,29,97,7.18
387,2281120,Tabou,CI,4.423,-7.3528,80.94,83,28,8.05
388,2654728,Bridlington,GB,54.0831,-0.1919,49.1,81,89,11.65
389,2362909,Banfora,BF,10.6333,-4.7667,86.04,48,79,3.27
390,3352263,Warmbad,NA,-28.45,18.7333,68.67,26,84,6.42
391,4036284,Alofi,NU,-19.0595,-169.9187,82.29,83,75,6.91
392,5911745,Burns Lake,CA,54.2331,-125.7533,63.43,33,100,4.0
393,4034496,Fare,PF,-16.7,-151.0167,81.12,75,98,12.68
394,1847947,Shingū,JP,33.7333,135.9833,64.9,92,100,2.8
395,555111,Ivanteyevka,RU,55.9711,37.9208,57.7,74,75,3.94
396,2656173,Bath,GB,51.3779,-2.3591,47.34,88,64,1.99
397,3420846,Qaqortoq,GL,60.7167,-46.0333,46.9,62,100,10.69
398,1787227,Jiangdu,CN,32.4286,119.5574,67.89,81,100,7.65
399,3982287,Teacapan,MX,22.55,-105.75,87.3,42,0,13.33
400,3665315,Anori,BR,-3.7728,-61.6442,88.95,61,57,1.05
401,95788,Hīt,IQ,33.6416,42.8251,79.11,29,3,16.91
402,1254046,Tura,IN,25.5198,90.2201,73.85,90,100,5.06
403,1244926,Hambantota,LK,6.1241,81.1185,80.11,87,100,21.83
404,186180,Moyale,KE,3.5167,39.0584,68.0,69,49,2.68
405,1633442,Paciran,ID,-6.8767,112.3761,77.5,88,21,5.77
406,1695546,Pandan,PH,14.0453,124.1694,80.08,82,59,2.8
407,1734651,Gua Musang,MY,4.8823,101.9644,74.3,94,99,1.19
408,3521108,Progreso,MX,21.2833,-89.6667,95.11,66,37,16.24
409,934322,Mahébourg,MU,-20.4081,57.7,73.63,75,33,14.81
410,1528998,Yumen,CN,40.2833,97.2,59.23,15,100,4.97
411,119374,Qeshm,IR,26.9581,56.2719,87.67,74,0,6.06
412,142255,Bāfq,IR,31.6128,55.4107,82.56,19,9,7.61
413,1217007,Koson,UZ,39.0375,65.585,73.72,24,1,8.61
414,2094027,Kieta,PG,-6.2167,155.6333,80.24,85,98,7.05
415,4126226,Pine Bluff,US,34.2284,-92.0032,84.63,40,20,8.99
416,1633419,Padang,ID,-0.9492,100.3543,77.56,87,91,3.04
417,336526,Gīdolē,ET,5.65,37.3667,55.9,87,63,2.66
418,584715,Xudat,AZ,41.631,48.681,68.54,74,99,5.3
419,209598,Manono,CD,-7.3,27.4167,65.68,49,70,4.09
420,3394023,Natal,BR,-5.795,-35.2094,79.45,77,20,10.31
421,2123814,Leningradskiy,RU,69.3833,178.4167,32.7,88,100,10.16
422,3827723,Valle del Guamuez,CO,0.4525,-76.9192,85.42,99,100,1.25
423,608324,Shetpe,KZ,44.1667,52.1167,79.14,26,59,3.42
424,1170486,Mian Channu,PK,30.44,72.3543,87.21,27,0,6.91
425,3691954,Sechura,PE,-5.5569,-80.8222,77.85,64,36,12.06
426,4470244,Havelock,US,34.8791,-76.9013,76.12,90,98,1.01
427,3405051,Borba,BR,-4.3878,-59.5939,83.91,71,88,1.43
428,3689718,Arauca,CO,7.0847,-70.7591,75.6,96,100,6.35
429,1106643,Quatre Cocos,MU,-20.2078,57.7625,73.38,75,36,15.21
430,3380290,Sinnamary,GF,5.3833,-52.95,77.05,95,100,9.71
431,2071860,Esperance,AU,-33.8667,121.9,57.24,58,100,21.63
432,1082243,Ambilobe,MG,-13.2,49.05,71.53,83,99,2.55
433,4957320,Bar Harbor,US,44.3876,-68.2039,57.36,42,1,8.99
434,685796,Băile Herculane,RO,44.8797,22.4125,60.67,76,69,5.08
435,1052944,Angoche,MZ,-16.2325,39.9086,69.1,77,24,10.89
436,1795579,Yanta,CN,36.2411,115.6672,61.38,15,10,3.44
437,3670218,San Andrés,CO,12.5847,-81.7006,86.02,74,75,14.97
438,3533462,Acapulco de Juárez,MX,16.8634,-99.8901,89.42,51,1,11.88
439,2191562,Dunedin,NZ,-45.8742,170.5036,46.8,64,5,3.0
440,1725210,Binabalian Ricor,PH,16.4202,119.9279,82.45,75,76,6.78
441,1539210,Purpe,RU,64.4803,76.6897,37.63,53,100,7.7
442,6050066,La Ronge,CA,55.1001,-105.2842,46.62,93,90,19.57
443,1525798,Balkhash,KZ,46.844,74.9804,71.47,38,0,13.73
444,4323873,Estelle,US,29.8458,-90.1067,80.91,67,75,8.05
445,6065253,Manitouwadge,CA,49.1215,-85.8403,65.21,58,72,12.21
446,3998291,Loreto,MX,22.2667,-101.9667,81.5,20,2,5.26
447,2092164,Lorengau,PG,-2.0226,147.2712,82.08,81,100,13.67
448,1235846,Matara,LK,5.9485,80.5353,79.84,87,100,16.51
449,3893726,Constitución,CL,-35.3333,-72.4167,59.56,74,6,11.74
450,2381972,Adrar,MR,20.5022,-10.0711,93.52,16,46,10.47
451,1254274,Dangara,IN,29.6799,75.8931,87.08,24,0,2.62
452,3404558,Cabedelo,BR,-6.9811,-34.8339,79.47,79,50,11.59
453,5882953,Aklavik,CA,68.2191,-135.0107,45.63,63,86,9.86
454,1803331,Linxia Chengguanzhen,CN,35.6003,103.2064,54.72,37,100,1.43
455,5276609,Two Rivers,US,44.1539,-87.5693,74.3,94,99,11.34
456,3652758,Puerto Baquerizo Moreno,EC,-0.9,-89.6,79.79,69,20,17.27
457,1214488,Meulaboh,ID,4.1363,96.1285,77.09,90,71,3.89
458,5110365,Broome,US,42.2506,-75.833,69.13,60,20,3.0
459,684203,Borduşani,RO,44.4833,27.9,58.12,67,23,7.02
460,4003938,Jiménez,MX,28.3333,-105.4,88.54,13,90,1.03
461,2825297,Stuttgart,DE,48.7823,9.177,52.16,88,75,8.72
462,2389086,Berbérati,CF,4.2612,15.7922,72.57,72,100,1.45
463,2401495,Booué,GA,-0.0921,11.9385,75.0,96,62,1.97
464,304183,Bayir,TR,37.2687,28.2167,63.12,36,27,5.61
465,2138555,Poum,NC,-20.2333,164.0167,73.0,56,20,18.99
466,583673,Aksay,RU,47.26,39.87,65.03,90,68,3.0
467,2150163,Sawtell,AU,-30.3833,153.1,59.02,88,90,5.75
468,4013679,Coahuayana Viejo,MX,18.7333,-103.6833,96.28,40,0,7.58
469,1694812,Paracale,PH,14.2804,122.7881,77.68,90,57,1.72
470,3587037,Chinameca,SV,13.5,-88.35,91.44,33,73,4.43
471,3547867,Manzanillo,CU,20.3433,-77.1167,83.89,67,74,13.18
472,3870282,Talcahuano,CL,-36.7167,-73.1167,56.88,82,75,6.91
473,4301317,Morehead,US,37.2711,-87.1764,85.75,37,1,0.0
474,1090415,Chirongui,YT,-12.9319,45.1483,76.93,63,1,10.07
475,4011703,Ecuandureo,MX,20.1667,-102.1833,92.86,16,2,4.83
476,1632998,Pamanukan,ID,-6.2842,107.8106,75.99,92,97,6.4
477,556268,Ostrovnoy,RU,68.0531,39.5131,33.37,79,97,14.65
478,1056151,Soavinandriana,MG,-19.1667,46.7333,56.93,60,100,2.89
479,1498087,Nadym,RU,65.5333,72.5167,37.9,52,100,6.44
480,5017822,Bemidji,US,47.4736,-94.8803,80.74,28,1,12.66
481,2164206,Gunnedah,AU,-30.9833,150.25,46.02,90,0,4.45
482,5418104,Cortez,US,37.3489,-108.5859,67.78,12,1,14.97
483,2510116,Úbeda,ES,38.0133,-3.3705,62.35,34,1,0.96
484,1501365,Kupino,RU,54.3663,77.2981,61.75,67,23,3.96
485,1803560,Lingao,CN,19.9103,109.6859,80.46,89,100,9.44
486,2162662,Inverell,AU,-29.7833,151.1167,47.16,81,0,4.0
487,2068079,Kwinana,AU,-32.25,115.7667,48.4,66,95,6.46
488,3421193,Paamiut,GL,61.994,-49.6678,31.62,95,100,28.27
489,5571109,Lake Shasta,US,40.6804,-122.3708,81.81,20,59,6.67
490,777019,Vardø,NO,70.3705,31.1107,30.4,66,4,5.77
491,6540261,Civitanova Marche,IT,43.307,13.7206,65.5,78,39,8.93
492,4503351,Ocean City,US,39.2776,-74.5746,62.1,64,63,5.99
493,1701054,Marawi,PH,7.9986,124.2928,69.66,93,77,1.16
494,2641434,Northam,GB,51.0333,-4.2167,49.19,82,7,15.01
495,3351024,Caluquembe,AO,-13.7833,14.6833,56.35,50,0,1.5
496,5864145,Homer,US,59.6425,-151.5483,57.67,40,1,5.75
497,4033356,Tiarei,PF,-17.5333,-149.3333,84.22,77,71,11.1
498,5520552,Dumas,US,35.8656,-101.9732,81.0,47,1,20.71
499,2026786,Berezovyy,RU,51.6667,135.7,39.54,98,100,2.71
500,934649,Cap Malheureux,MU,-19.9842,57.6142,75.33,72,29,17.18
501,2448083,Agadez,NE,19.75,10.25,92.25,8,0,7.61
502,3354071,Oranjemund,NA,-28.55,16.4333,63.64,67,100,1.74
503,2511174,Santa Cruz de Tenerife,ES,28.4682,-16.2546,66.06,70,40,8.01
504,1215502,Banda Aceh,ID,5.5577,95.3222,80.8,80,99,11.23
505,1495626,Pangody,RU,65.85,74.4859,33.12,58,100,5.35
506,1788852,Xining,CN,36.6167,101.7667,48.76,40,97,1.34
507,3386213,Touros,BR,-5.1989,-35.4608,79.7,78,99,13.8
508,341397,Burē,ET,10.7,37.0667,66.97,46,97,4.68
509,1253237,Verāval,IN,20.9,70.3667,82.31,79,68,15.23
510,2872649,Mayen,DE,50.3333,7.2167,46.74,92,62,8.88
511,5955902,Fort Nelson,CA,58.8053,-122.7002,57.16,46,100,7.67
512,1636022,Martapura,ID,-3.4167,114.85,78.89,97,90,1.83
513,1497497,Nizhniy Ingash,RU,56.2,96.53,46.58,94,89,9.57
514,581357,Apatity,RU,67.5641,33.4031,32.31,84,100,1.86
515,2121025,Srednekolymsk,RU,67.45,153.6833,51.22,45,0,10.4
516,3175096,Laas,IT,46.6166,10.7002,46.36,100,100,0.76
517,5919915,Chapleau,CA,47.8405,-83.4034,65.71,46,94,9.8
518,2013727,Vanavara,RU,60.34,102.2797,44.96,92,95,2.82
519,2516860,Guía de Isora,ES,28.2115,-16.7795,62.22,66,52,5.01
520,1673820,Kaohsiung City,TW,22.6163,120.3133,82.71,87,4,3.18
521,4033375,Tevaitoa,PF,-16.7833,-151.5,81.3,76,100,12.97
522,3868633,Vallenar,CL,-28.5708,-70.7581,76.24,20,71,5.91
523,496307,Severnyy-Kospashskiy,RU,59.0925,57.8008,53.6,96,90,3.53
524,2457161,Gao,ML,16.6362,1.637,94.64,22,26,9.64
525,1256117,Sinor,IN,21.9167,73.3333,85.42,66,71,8.39
526,4357141,Hagerstown,US,39.6418,-77.72,58.42,83,90,1.01
527,2510224,Totana,ES,37.7688,-1.5023,66.49,44,2,7.72
528,2125693,Evensk,RU,61.95,159.2333,41.16,61,100,11.56
529,1568770,Quang Ngai,VN,15.1167,108.8,77.2,92,96,3.11
530,2987967,Périgueux,FR,45.1833,0.7167,50.29,91,4,5.32
531,1489938,Tavricheskoye,RU,54.5851,73.6395,62.51,59,62,8.9
532,3348313,Huambo,AO,-12.7761,15.7392,54.91,52,0,2.39
533,3354077,Opuwo,NA,-18.0607,13.84,63.77,37,0,6.91
534,2338660,Yaan,NG,7.3833,8.5667,81.88,67,44,6.38
535,2316748,Bolobo,CD,-2.1667,16.2333,75.45,82,84,2.95
536,608872,Makat,KZ,47.6469,53.3463,81.64,19,3,3.94
537,3472138,Anicuns,BR,-16.4611,-49.9617,73.69,65,86,4.03
538,1507220,Dovolnoye,RU,54.4958,79.6671,57.88,73,15,4.21
539,686090,Asău,RO,46.4333,26.4,54.64,84,83,2.37
540,2020838,Lensk,RU,60.7253,114.9278,41.56,46,91,1.52
541,469960,Vytegra,RU,61.0064,36.4481,45.61,92,43,8.5
542,1738050,Marabu,MY,4.4148,114.0089,75.04,94,100,5.97
543,2400578,Fougamou,GA,-1.2154,10.5838,75.51,97,100,2.86
544,965289,Polokwane,ZA,-23.9045,29.4688,50.0,70,0,3.85
545,5113683,Copiague,US,40.6815,-73.3998,62.44,48,1,13.8
546,2126682,Bilibino,RU,68.0546,166.4372,36.45,79,100,2.39
547,3662342,São Gabriel da Cachoeira,BR,-0.1303,-67.0892,87.04,62,66,3.42
548,4930956,Boston,US,42.3584,-71.0598,66.13,42,23,4.0
549,2122104,Petropavlovsk-Kamchatskiy,RU,53.0452,158.6483,39.79,74,8,5.55
550,3421319,Nuuk,GL,64.1835,-51.7216,29.01,93,90,13.8
551,6145890,Shelburne,CA,44.0787,-80.2041,71.58,59,5,4.36
552,2019488,Namtsy,RU,62.7161,129.6658,44.71,70,100,13.11
553,6093347,Olds,CA,51.7834,-114.102,49.66,92,100,20.2
554,113491,Tākestān,IR,36.0696,49.6959,63.37,56,13,7.09
555,601734,Daşoguz,TM,41.8363,59.9666,73.35,26,0,10.36
556,1263752,Māngrol,IN,21.1167,70.1167,82.24,79,70,14.2
557,2035399,Songyuan,CN,45.1171,124.8568,47.59,43,49,6.71
558,5380437,Pacific Grove,US,36.6177,-121.9166,60.24,78,20,3.0
559,286245,Sur,OM,22.5667,59.5289,88.9,49,0,14.14
560,88319,Benghazi,LY,32.1167,20.0667,74.12,48,26,9.78
561,2939995,Clausthal-Zellerfeld,DE,51.8,10.3333,48.7,95,100,4.92
562,4255151,Bud,US,39.447,-86.1758,86.0,50,95,8.16
563,2632287,Dalvik,IS,65.9702,-18.5286,40.21,88,91,5.26
564,2214827,Mizdah,LY,31.4451,12.9801,85.5,21,73,4.14
565,2018069,Peleduy,RU,59.6289,112.7406,38.86,50,10,1.19
566,1787858,Shangrao,CN,28.4532,117.9686,67.98,93,96,3.04
567,4328254,Iberia,US,29.9502,-91.7507,82.96,67,75,8.59
568,4033557,Tautira,PF,-17.7333,-149.15,84.22,78,67,12.59
569,5261790,Marathon,US,44.9,-89.7668,78.44,73,40,1.99
570,2459775,Bougouni,ML,11.417,-7.479,88.29,44,81,6.93
571,750735,Beşikdüzü,TR,41.052,39.2284,62.49,84,80,5.32
572,1623197,Tual,ID,-5.6667,132.75,82.31,77,100,17.36
573,2108857,Gizo Government Station,SB,-8.103,156.8419,81.93,80,83,17.27
574,3893629,Coquimbo,CL,-29.9533,-71.3436,58.73,61,0,5.37
575,1852357,Shimoda,JP,34.6667,138.95,64.11,85,100,7.34
576,510911,Pervomayskiy,RU,53.2485,40.2871,57.07,74,97,6.4
577,2293428,Adiaké,CI,5.2863,-3.304,81.99,84,46,9.95
578,3386931,Tamandaré,BR,-8.7597,-35.1047,77.07,74,96,7.18
579,3868626,Valparaíso,CL,-33.0393,-71.6273,69.48,52,0,13.8
